-- phpMyAdmin SQL Dump
-- version 5.2.1
-- https://www.phpmyadmin.net/
--
-- Host: 127.0.0.1
-- Generation Time: Oct 06, 2025 at 04:31 AM
-- Server version: 10.4.32-MariaDB
-- PHP Version: 8.2.12

SET SQL_MODE = "NO_AUTO_VALUE_ON_ZERO";
START TRANSACTION;
SET time_zone = "+00:00";


/*!40101 SET @OLD_CHARACTER_SET_CLIENT=@@CHARACTER_SET_CLIENT */;
/*!40101 SET @OLD_CHARACTER_SET_RESULTS=@@CHARACTER_SET_RESULTS */;
/*!40101 SET @OLD_COLLATION_CONNECTION=@@COLLATION_CONNECTION */;
/*!40101 SET NAMES utf8mb4 */;

--
-- Database: `bzns`
--

-- --------------------------------------------------------

--
-- Table structure for table `arsips`
--

CREATE TABLE `arsips` (
  `id` int(11) NOT NULL,
  `nik` varchar(17) NOT NULL,
  `nama` varchar(256) NOT NULL,
  `bantuan` varchar(256) NOT NULL,
  `tahun` varchar(4) NOT NULL
) ENGINE=InnoDB DEFAULT CHARSET=utf8mb4 COLLATE=utf8mb4_unicode_ci;

-- --------------------------------------------------------

--
-- Table structure for table `bantuans`
--

CREATE TABLE `bantuans` (
  `id` bigint(20) UNSIGNED NOT NULL,
  `id_program` bigint(20) UNSIGNED NOT NULL,
  `kode` varchar(256) NOT NULL,
  `jns_bantuan` varchar(256) NOT NULL
) ENGINE=InnoDB DEFAULT CHARSET=utf8mb4 COLLATE=utf8mb4_unicode_ci;

--
-- Dumping data for table `bantuans`
--

INSERT INTO `bantuans` (`id`, `id_program`, `kode`, `jns_bantuan`) VALUES
(1, 1, '1101', '1101 || Bantuan Makanan'),
(2, 1, '1102', '1102 || Bantuan Biaya Hidup'),
(3, 1, '1102.1', '1102.1 || Bantuan Biaya Hidup Rutin'),
(4, 1, '1102.2', '1102.2 || Bantuan Biaya Hidup Santunan'),
(5, 1, '1102.3', '1102.3 || Bantuan Biaya Hidup Sembako'),
(6, 1, '1103', '1103 || Bantuan Penyaluran Fitrah'),
(7, 1, '1104', '1104 || Bantuan Penyaluran Kurban'),
(8, 1, '1105', '1105 || Rumah Tidak Layak Huni'),
(9, 1, '1106', '1106 || Respon Darurat Bencana'),
(10, 1, '1107', '1107 || Pemulihan Pasca Bencana'),
(11, 1, '1108', '1108 || Pemulasaran Jenazah'),
(12, 1, '1109', '1109 || Khitanan Massal'),
(13, 1, '1110', '1110 || Bantuan Alat Kesehatan'),
(14, 1, '1110.1', '1110.1 || Bantuan Alat Kesehatan Kursi Roda'),
(15, 1, '1110.2', '1110.2 || Bantuan Alat Kesehatan Kruk'),
(16, 1, '1110.3', '1110.3 || Bantuan Alat Kesehatan Kaki Palsu'),
(17, 1, '1110.4', '1110.4 || Bantuan Alat Kesehatan Tangan Palsu'),
(18, 1, '1110.5', '1110.5 || Bantuan Alat Kesehatan Walker'),
(19, 1, '1110.6', '1110.6 || Bantuan Alat Kesehatan Alat Bantu Dengar'),
(20, 1, '1110.7', '1110.7 || Bantuan Alat Kesehatan Tongkat'),
(21, 1, '1110.8', '1110.8 || Bantuan Alat Kesehatan Sepatu Avo'),
(22, 1, '1111', '1111 || Bantuan Biaya Hidup hak 30% UPZ'),
(23, 1, '1112', '1112 || Bantuan Biaya Hidup hak 70% UPZ Kemenag'),
(24, 2, '1201', '1201 || Bantuan Pengobatan'),
(25, 2, '1202', '1202 || Bantuan Transportasi dan/Atau Akomodasi Pasien'),
(26, 2, '1203', '1203 || Bantuan Asuransi Kesehatan'),
(27, 2, '2201', '2201 || Bantuan Sanitasi'),
(28, 2, '2202', '2202 || Bantuan Sumur Air'),
(29, 2, '2203', '2203 || Bantuan Edukasi/Promosi Kesehatan'),
(30, 2, '2204', '2204 || Bantuan Penyediaan Air Bersih'),
(31, 2, '2205', '2205 || Pencegahan dan Penanggulangan Stunting'),
(32, 3, '1301', '1301 || Bantuan Pendidikan Dasar dan Menengah'),
(33, 3, '1302', '1302 || Bantuan Pendidikan Dasar dan Menengah | Melalui UPZ Dinas Pend'),
(34, 3, '1303', '1303 || Bantuan Pendidikan Dasar dan Menengah Hak 30% UPZ'),
(35, 3, '2301', '2301 || Bantuan Pendidikan Tinggi Dalam Negeri'),
(36, 3, '2302', '2302 || Bantuan Infrastruktur Pendidikan'),
(37, 3, '2303', '2303 || Program Pembinaan dan Pengembangan Karakter dan Kompetensi'),
(38, 4, '1401', '1401 || Bantuan Kafalah/Mukafaah Dai'),
(39, 4, '1402', '1402 || Bantuan Perlengkapan Ibadah'),
(40, 4, '1403', '1403 || Bantuan Syiar Dakwah'),
(41, 4, '1404', '1404 || Bantuan Sarana Dakwah'),
(42, 4, '1405', '1405 || Program Pembinaan, Pendampingan, dan Advokasi Mualaf'),
(43, 4, '1406', '1406 || Program Advokasi/Bantuan Hukum'),
(44, 4, '1407', '1407 || Bantuan Renovasi/Operasional pada Masjid/Mushola/Yayasan/Lemba'),
(45, 4, '1408', '1408 || Pengembangan Kebijakan Publik dan Kajian Strategis'),
(46, 4, '1409', '1409 || Bantuan Kafalah/Mukafaah Dai Hak 30% UPZ'),
(47, 5, '2101', '2101 || Bantuan Modal Usaha'),
(48, 5, '2102', '2102 || Bantuan Ketrampilan Kerja'),
(49, 5, '2103', '2103 || Bantuan Pengembangan Usaha'),
(50, 5, '2103.1', '2103.1 || Bantuan Pengembangan Usaha Pemasaran Usaha'),
(51, 5, '2104', '2104 || Bantuan Infrastruktur Pelatihan Ketrampilan Kerja'),
(52, 5, '2105', '2105 || Program Pemberdayaan Petani (Lumbung Pangan)'),
(53, 5, '2106', '2106 || Program ZCD untuk Kampung Zakat'),
(54, 5, '2107', '2107 || Program Balai Ternak'),
(55, 5, '2108.1', '2108.1 || Program Z-Mart'),
(56, 5, '2108.2', '2108.2 || Program Z-Chicken'),
(57, 5, '2108.3', '2108.3 || Program Z-Auto'),
(58, 5, '2109', '2109 || Pembiayaan Zakat Mikro'),
(59, 5, '2110', '2110 || Optimasi dan Pemasaran Produk Usaha'),
(60, 5, '2111', '2111 || Program Santripreneur'),
(61, 5, '2112', '2112 || Bantuan Modal Usaha UPZ BADKO LPQ (hak 70% UPZ)'),
(62, 5, '2113', '2113 || ZCD via CSR');

-- --------------------------------------------------------

--
-- Table structure for table `datafeeds`
--

CREATE TABLE `datafeeds` (
  `id` bigint(20) UNSIGNED NOT NULL,
  `label` varchar(255) DEFAULT NULL,
  `data` float DEFAULT NULL,
  `dataset_name` tinyint(4) DEFAULT NULL,
  `data_type` tinyint(4) NOT NULL DEFAULT 1,
  `created_at` timestamp NULL DEFAULT NULL,
  `updated_at` timestamp NULL DEFAULT NULL
) ENGINE=InnoDB DEFAULT CHARSET=utf8mb4 COLLATE=utf8mb4_unicode_ci;

--
-- Dumping data for table `datafeeds`
--

INSERT INTO `datafeeds` (`id`, `label`, `data`, `dataset_name`, `data_type`, `created_at`, `updated_at`) VALUES
(1, '12-01-2020', 732, 1, 1, '2025-08-26 00:55:58', '2025-08-26 00:55:58'),
(2, '01-01-2021', 610, 1, 1, '2025-08-26 00:55:58', '2025-08-26 00:55:58'),
(3, '02-01-2021', 610, 1, 1, '2025-08-26 00:55:58', '2025-08-26 00:55:58'),
(4, '03-01-2021', 504, 1, 1, '2025-08-26 00:55:58', '2025-08-26 00:55:58'),
(5, '04-01-2021', 504, 1, 1, '2025-08-26 00:55:59', '2025-08-26 00:55:59'),
(6, '05-01-2021', 504, 1, 1, '2025-08-26 00:55:59', '2025-08-26 00:55:59'),
(7, '06-01-2021', 349, 1, 1, '2025-08-26 00:55:59', '2025-08-26 00:55:59'),
(8, '07-01-2021', 349, 1, 1, '2025-08-26 00:55:59', '2025-08-26 00:55:59'),
(9, '08-01-2021', 504, 1, 1, '2025-08-26 00:55:59', '2025-08-26 00:55:59'),
(10, '09-01-2021', 342, 1, 1, '2025-08-26 00:55:59', '2025-08-26 00:55:59'),
(11, '10-01-2021', 504, 1, 1, '2025-08-26 00:55:59', '2025-08-26 00:55:59'),
(12, '11-01-2021', 610, 1, 1, '2025-08-26 00:55:59', '2025-08-26 00:55:59'),
(13, '12-01-2021', 391, 1, 1, '2025-08-26 00:55:59', '2025-08-26 00:55:59'),
(14, '01-01-2022', 192, 1, 1, '2025-08-26 00:55:59', '2025-08-26 00:55:59'),
(15, '02-01-2022', 154, 1, 1, '2025-08-26 00:55:59', '2025-08-26 00:55:59'),
(16, '03-01-2022', 273, 1, 1, '2025-08-26 00:55:59', '2025-08-26 00:55:59'),
(17, '04-01-2022', 191, 1, 1, '2025-08-26 00:55:59', '2025-08-26 00:55:59'),
(18, '05-01-2022', 191, 1, 1, '2025-08-26 00:55:59', '2025-08-26 00:55:59'),
(19, '06-01-2022', 126, 1, 1, '2025-08-26 00:55:59', '2025-08-26 00:55:59'),
(20, '07-01-2022', 263, 1, 1, '2025-08-26 00:55:59', '2025-08-26 00:55:59'),
(21, '08-01-2022', 349, 1, 1, '2025-08-26 00:55:59', '2025-08-26 00:55:59'),
(22, '09-01-2022', 252, 1, 1, '2025-08-26 00:55:59', '2025-08-26 00:55:59'),
(23, '10-01-2022', 423, 1, 1, '2025-08-26 00:55:59', '2025-08-26 00:55:59'),
(24, '11-01-2022', 622, 1, 1, '2025-08-26 00:55:59', '2025-08-26 00:55:59'),
(25, '12-01-2022', 470, 1, 1, '2025-08-26 00:55:59', '2025-08-26 00:55:59'),
(26, '01-01-2023', 532, 1, 1, '2025-08-26 00:55:59', '2025-08-26 00:55:59'),
(27, NULL, 532, 2, 1, '2025-08-26 00:55:59', '2025-08-26 00:55:59'),
(28, NULL, 532, 2, 1, '2025-08-26 00:55:59', '2025-08-26 00:55:59'),
(29, NULL, 532, 2, 1, '2025-08-26 00:55:59', '2025-08-26 00:55:59'),
(30, NULL, 404, 2, 1, '2025-08-26 00:55:59', '2025-08-26 00:55:59'),
(31, NULL, 404, 2, 1, '2025-08-26 00:55:59', '2025-08-26 00:55:59'),
(32, NULL, 314, 2, 1, '2025-08-26 00:55:59', '2025-08-26 00:55:59'),
(33, NULL, 314, 2, 1, '2025-08-26 00:55:59', '2025-08-26 00:55:59'),
(34, NULL, 314, 2, 1, '2025-08-26 00:55:59', '2025-08-26 00:55:59'),
(35, NULL, 314, 2, 1, '2025-08-26 00:55:59', '2025-08-26 00:55:59'),
(36, NULL, 314, 2, 1, '2025-08-26 00:55:59', '2025-08-26 00:55:59'),
(37, NULL, 234, 2, 1, '2025-08-26 00:55:59', '2025-08-26 00:55:59'),
(38, NULL, 314, 2, 1, '2025-08-26 00:55:59', '2025-08-26 00:55:59'),
(39, NULL, 234, 2, 1, '2025-08-26 00:55:59', '2025-08-26 00:55:59'),
(40, NULL, 234, 2, 1, '2025-08-26 00:55:59', '2025-08-26 00:55:59'),
(41, NULL, 314, 2, 1, '2025-08-26 00:55:59', '2025-08-26 00:55:59'),
(42, NULL, 314, 2, 1, '2025-08-26 00:55:59', '2025-08-26 00:55:59'),
(43, NULL, 314, 2, 1, '2025-08-26 00:55:59', '2025-08-26 00:55:59'),
(44, NULL, 388, 2, 1, '2025-08-26 00:55:59', '2025-08-26 00:55:59'),
(45, NULL, 314, 2, 1, '2025-08-26 00:55:59', '2025-08-26 00:55:59'),
(46, NULL, 202, 2, 1, '2025-08-26 00:55:59', '2025-08-26 00:55:59'),
(47, NULL, 202, 2, 1, '2025-08-26 00:55:59', '2025-08-26 00:55:59'),
(48, NULL, 202, 2, 1, '2025-08-26 00:55:59', '2025-08-26 00:55:59'),
(49, NULL, 202, 2, 1, '2025-08-26 00:55:59', '2025-08-26 00:55:59'),
(50, NULL, 314, 2, 1, '2025-08-26 00:55:59', '2025-08-26 00:55:59'),
(51, NULL, 720, 2, 1, '2025-08-26 00:55:59', '2025-08-26 00:55:59'),
(52, NULL, 642, 2, 1, '2025-08-26 00:55:59', '2025-08-26 00:55:59'),
(53, '12-01-2020', 622, 1, 2, '2025-08-26 00:55:59', '2025-08-26 00:55:59'),
(54, '01-01-2021', 622, 1, 2, '2025-08-26 00:55:59', '2025-08-26 00:55:59'),
(55, '02-01-2021', 426, 1, 2, '2025-08-26 00:55:59', '2025-08-26 00:55:59'),
(56, '03-01-2021', 471, 1, 2, '2025-08-26 00:55:59', '2025-08-26 00:55:59'),
(57, '04-01-2021', 365, 1, 2, '2025-08-26 00:55:59', '2025-08-26 00:55:59'),
(58, '05-01-2021', 365, 1, 2, '2025-08-26 00:55:59', '2025-08-26 00:55:59'),
(59, '06-01-2021', 238, 1, 2, '2025-08-26 00:55:59', '2025-08-26 00:55:59'),
(60, '07-01-2021', 324, 1, 2, '2025-08-26 00:55:59', '2025-08-26 00:55:59'),
(61, '08-01-2021', 288, 1, 2, '2025-08-26 00:55:59', '2025-08-26 00:55:59'),
(62, '09-01-2021', 206, 1, 2, '2025-08-26 00:55:59', '2025-08-26 00:55:59'),
(63, '10-01-2021', 324, 1, 2, '2025-08-26 00:55:59', '2025-08-26 00:55:59'),
(64, '11-01-2021', 324, 1, 2, '2025-08-26 00:55:59', '2025-08-26 00:55:59'),
(65, '12-01-2021', 500, 1, 2, '2025-08-26 00:55:59', '2025-08-26 00:55:59'),
(66, '01-01-2022', 409, 1, 2, '2025-08-26 00:55:59', '2025-08-26 00:55:59'),
(67, '02-01-2022', 409, 1, 2, '2025-08-26 00:55:59', '2025-08-26 00:55:59'),
(68, '03-01-2022', 273, 1, 2, '2025-08-26 00:55:59', '2025-08-26 00:55:59'),
(69, '04-01-2022', 232, 1, 2, '2025-08-26 00:55:59', '2025-08-26 00:55:59'),
(70, '05-01-2022', 273, 1, 2, '2025-08-26 00:55:59', '2025-08-26 00:55:59'),
(71, '06-01-2022', 500, 1, 2, '2025-08-26 00:55:59', '2025-08-26 00:55:59'),
(72, '07-01-2022', 570, 1, 2, '2025-08-26 00:55:59', '2025-08-26 00:55:59'),
(73, '08-01-2022', 767, 1, 2, '2025-08-26 00:55:59', '2025-08-26 00:55:59'),
(74, '09-01-2022', 808, 1, 2, '2025-08-26 00:55:59', '2025-08-26 00:55:59'),
(75, '10-01-2022', 685, 1, 2, '2025-08-26 00:55:59', '2025-08-26 00:55:59'),
(76, '11-01-2022', 767, 1, 2, '2025-08-26 00:55:59', '2025-08-26 00:55:59'),
(77, '12-01-2022', 685, 1, 2, '2025-08-26 00:55:59', '2025-08-26 00:55:59'),
(78, '01-01-2023', 685, 1, 2, '2025-08-26 00:55:59', '2025-08-26 00:55:59'),
(79, NULL, 732, 2, 2, '2025-08-26 00:55:59', '2025-08-26 00:55:59'),
(80, NULL, 610, 2, 2, '2025-08-26 00:55:59', '2025-08-26 00:55:59'),
(81, NULL, 610, 2, 2, '2025-08-26 00:55:59', '2025-08-26 00:55:59'),
(82, NULL, 504, 2, 2, '2025-08-26 00:55:59', '2025-08-26 00:55:59'),
(83, NULL, 504, 2, 2, '2025-08-26 00:55:59', '2025-08-26 00:55:59'),
(84, NULL, 504, 2, 2, '2025-08-26 00:55:59', '2025-08-26 00:55:59'),
(85, NULL, 349, 2, 2, '2025-08-26 00:55:59', '2025-08-26 00:55:59'),
(86, NULL, 349, 2, 2, '2025-08-26 00:55:59', '2025-08-26 00:55:59'),
(87, NULL, 504, 2, 2, '2025-08-26 00:55:59', '2025-08-26 00:55:59'),
(88, NULL, 342, 2, 2, '2025-08-26 00:55:59', '2025-08-26 00:55:59'),
(89, NULL, 504, 2, 2, '2025-08-26 00:55:59', '2025-08-26 00:55:59'),
(90, NULL, 610, 2, 2, '2025-08-26 00:55:59', '2025-08-26 00:55:59'),
(91, NULL, 391, 2, 2, '2025-08-26 00:55:59', '2025-08-26 00:55:59'),
(92, NULL, 192, 2, 2, '2025-08-26 00:55:59', '2025-08-26 00:55:59'),
(93, NULL, 154, 2, 2, '2025-08-26 00:55:59', '2025-08-26 00:55:59'),
(94, NULL, 273, 2, 2, '2025-08-26 00:55:59', '2025-08-26 00:55:59'),
(95, NULL, 191, 2, 2, '2025-08-26 00:55:59', '2025-08-26 00:55:59'),
(96, NULL, 191, 2, 2, '2025-08-26 00:55:59', '2025-08-26 00:55:59'),
(97, NULL, 126, 2, 2, '2025-08-26 00:55:59', '2025-08-26 00:55:59'),
(98, NULL, 263, 2, 2, '2025-08-26 00:55:59', '2025-08-26 00:55:59'),
(99, NULL, 349, 2, 2, '2025-08-26 00:55:59', '2025-08-26 00:55:59'),
(100, NULL, 252, 2, 2, '2025-08-26 00:55:59', '2025-08-26 00:55:59'),
(101, NULL, 423, 2, 2, '2025-08-26 00:55:59', '2025-08-26 00:55:59'),
(102, NULL, 622, 2, 2, '2025-08-26 00:55:59', '2025-08-26 00:55:59'),
(103, NULL, 470, 2, 2, '2025-08-26 00:55:59', '2025-08-26 00:55:59'),
(104, NULL, 532, 2, 2, '2025-08-26 00:55:59', '2025-08-26 00:55:59'),
(105, '12-01-2020', 540, 1, 3, '2025-08-26 00:55:59', '2025-08-26 00:55:59'),
(106, '01-01-2021', 466, 1, 3, '2025-08-26 00:55:59', '2025-08-26 00:55:59'),
(107, '02-01-2021', 540, 1, 3, '2025-08-26 00:55:59', '2025-08-26 00:55:59'),
(108, '03-01-2021', 466, 1, 3, '2025-08-26 00:55:59', '2025-08-26 00:55:59'),
(109, '04-01-2021', 385, 1, 3, '2025-08-26 00:55:59', '2025-08-26 00:55:59'),
(110, '05-01-2021', 432, 1, 3, '2025-08-26 00:55:59', '2025-08-26 00:55:59'),
(111, '06-01-2021', 334, 1, 3, '2025-08-26 00:55:59', '2025-08-26 00:55:59'),
(112, '07-01-2021', 334, 1, 3, '2025-08-26 00:55:59', '2025-08-26 00:55:59'),
(113, '08-01-2021', 289, 1, 3, '2025-08-26 00:55:59', '2025-08-26 00:55:59'),
(114, '09-01-2021', 289, 1, 3, '2025-08-26 00:55:59', '2025-08-26 00:55:59'),
(115, '10-01-2021', 200, 1, 3, '2025-08-26 00:55:59', '2025-08-26 00:55:59'),
(116, '11-01-2021', 289, 1, 3, '2025-08-26 00:55:59', '2025-08-26 00:55:59'),
(117, '12-01-2021', 222, 1, 3, '2025-08-26 00:55:59', '2025-08-26 00:55:59'),
(118, '01-01-2022', 289, 1, 3, '2025-08-26 00:55:59', '2025-08-26 00:55:59'),
(119, '02-01-2022', 289, 1, 3, '2025-08-26 00:55:59', '2025-08-26 00:55:59'),
(120, '03-01-2022', 403, 1, 3, '2025-08-26 00:55:59', '2025-08-26 00:55:59'),
(121, '04-01-2022', 554, 1, 3, '2025-08-26 00:55:59', '2025-08-26 00:55:59'),
(122, '05-01-2022', 304, 1, 3, '2025-08-26 00:55:59', '2025-08-26 00:55:59'),
(123, '06-01-2022', 289, 1, 3, '2025-08-26 00:55:59', '2025-08-26 00:55:59'),
(124, '07-01-2022', 270, 1, 3, '2025-08-26 00:55:59', '2025-08-26 00:55:59'),
(125, '08-01-2022', 134, 1, 3, '2025-08-26 00:55:59', '2025-08-26 00:55:59'),
(126, '09-01-2022', 270, 1, 3, '2025-08-26 00:55:59', '2025-08-26 00:55:59'),
(127, '10-01-2022', 829, 1, 3, '2025-08-26 00:55:59', '2025-08-26 00:55:59'),
(128, '11-01-2022', 344, 1, 3, '2025-08-26 00:55:59', '2025-08-26 00:55:59'),
(129, '12-01-2022', 388, 1, 3, '2025-08-26 00:55:59', '2025-08-26 00:55:59'),
(130, '01-01-2023', 364, 1, 3, '2025-08-26 00:55:59', '2025-08-26 00:55:59'),
(131, NULL, 689, 2, 3, '2025-08-26 00:55:59', '2025-08-26 00:55:59'),
(132, NULL, 562, 2, 3, '2025-08-26 00:55:59', '2025-08-26 00:55:59'),
(133, NULL, 477, 2, 3, '2025-08-26 00:55:59', '2025-08-26 00:55:59'),
(134, NULL, 477, 2, 3, '2025-08-26 00:55:59', '2025-08-26 00:55:59'),
(135, NULL, 477, 2, 3, '2025-08-26 00:55:59', '2025-08-26 00:55:59'),
(136, NULL, 477, 2, 3, '2025-08-26 00:55:59', '2025-08-26 00:55:59'),
(137, NULL, 458, 2, 3, '2025-08-26 00:55:59', '2025-08-26 00:55:59'),
(138, NULL, 314, 2, 3, '2025-08-26 00:55:59', '2025-08-26 00:55:59'),
(139, NULL, 430, 2, 3, '2025-08-26 00:55:59', '2025-08-26 00:55:59'),
(140, NULL, 378, 2, 3, '2025-08-26 00:55:59', '2025-08-26 00:55:59'),
(141, NULL, 430, 2, 3, '2025-08-26 00:55:59', '2025-08-26 00:55:59'),
(142, NULL, 498, 2, 3, '2025-08-26 00:55:59', '2025-08-26 00:55:59'),
(143, NULL, 642, 2, 3, '2025-08-26 00:55:59', '2025-08-26 00:55:59'),
(144, NULL, 350, 2, 3, '2025-08-26 00:55:59', '2025-08-26 00:55:59'),
(145, NULL, 145, 2, 3, '2025-08-26 00:55:59', '2025-08-26 00:55:59'),
(146, NULL, 145, 2, 3, '2025-08-26 00:55:59', '2025-08-26 00:55:59'),
(147, NULL, 354, 2, 3, '2025-08-26 00:55:59', '2025-08-26 00:55:59'),
(148, NULL, 260, 2, 3, '2025-08-26 00:55:59', '2025-08-26 00:55:59'),
(149, NULL, 188, 2, 3, '2025-08-26 00:55:59', '2025-08-26 00:55:59'),
(150, NULL, 188, 2, 3, '2025-08-26 00:55:59', '2025-08-26 00:55:59'),
(151, NULL, 300, 2, 3, '2025-08-26 00:55:59', '2025-08-26 00:55:59'),
(152, NULL, 300, 2, 3, '2025-08-26 00:55:59', '2025-08-26 00:55:59'),
(153, NULL, 282, 2, 3, '2025-08-26 00:55:59', '2025-08-26 00:55:59'),
(154, NULL, 364, 2, 3, '2025-08-26 00:55:59', '2025-08-26 00:55:59'),
(155, NULL, 660, 2, 3, '2025-08-26 00:55:59', '2025-08-26 00:55:59'),
(156, NULL, 554, 2, 3, '2025-08-26 00:55:59', '2025-08-26 00:55:59'),
(157, '12-01-2020', 800, 1, 4, '2025-08-26 00:55:59', '2025-08-26 00:55:59'),
(158, '01-01-2021', 1600, 1, 4, '2025-08-26 00:55:59', '2025-08-26 00:55:59'),
(159, '02-01-2021', 900, 1, 4, '2025-08-26 00:55:59', '2025-08-26 00:55:59'),
(160, '03-01-2021', 1300, 1, 4, '2025-08-26 00:55:59', '2025-08-26 00:55:59'),
(161, '04-01-2021', 1950, 1, 4, '2025-08-26 00:55:59', '2025-08-26 00:55:59'),
(162, '05-01-2021', 1700, 1, 4, '2025-08-26 00:55:59', '2025-08-26 00:55:59'),
(163, NULL, 4900, 2, 4, '2025-08-26 00:55:59', '2025-08-26 00:55:59'),
(164, NULL, 2600, 2, 4, '2025-08-26 00:55:59', '2025-08-26 00:55:59'),
(165, NULL, 5350, 2, 4, '2025-08-26 00:55:59', '2025-08-26 00:55:59'),
(166, NULL, 4800, 2, 4, '2025-08-26 00:55:59', '2025-08-26 00:55:59'),
(167, NULL, 5200, 2, 4, '2025-08-26 00:55:59', '2025-08-26 00:55:59'),
(168, NULL, 4800, 2, 4, '2025-08-26 00:55:59', '2025-08-26 00:55:59'),
(169, '2022-05-18 11:30:00', 57.81, 1, 5, '2025-08-26 00:55:59', '2025-08-26 00:55:59'),
(170, '2022-05-18 12:00:00', 57.75, 1, 5, '2025-08-26 00:55:59', '2025-08-26 00:55:59'),
(171, '2022-05-18 12:30:00', 55.48, 1, 5, '2025-08-26 00:55:59', '2025-08-26 00:55:59'),
(172, '2022-05-18 13:00:00', 54.28, 1, 5, '2025-08-26 00:55:59', '2025-08-26 00:55:59'),
(173, '2022-05-18 13:30:00', 53.14, 1, 5, '2025-08-26 00:55:59', '2025-08-26 00:55:59'),
(174, '2022-05-18 14:00:00', 52.25, 1, 5, '2025-08-26 00:55:59', '2025-08-26 00:55:59'),
(175, '2022-05-18 14:30:00', 51.04, 1, 5, '2025-08-26 00:55:59', '2025-08-26 00:55:59'),
(176, '2022-05-18 15:00:00', 52.49, 1, 5, '2025-08-26 00:56:00', '2025-08-26 00:56:00'),
(177, '2022-05-18 15:30:00', 55.49, 1, 5, '2025-08-26 00:56:00', '2025-08-26 00:56:00'),
(178, '2022-05-18 16:00:00', 56.87, 1, 5, '2025-08-26 00:56:00', '2025-08-26 00:56:00'),
(179, '2022-05-18 16:30:00', 53.73, 1, 5, '2025-08-26 00:56:00', '2025-08-26 00:56:00'),
(180, '2022-05-18 17:00:00', 56.42, 1, 5, '2025-08-26 00:56:00', '2025-08-26 00:56:00'),
(181, '2022-05-18 17:30:00', 58.06, 1, 5, '2025-08-26 00:56:00', '2025-08-26 00:56:00'),
(182, '2022-05-18 18:00:00', 55.62, 1, 5, '2025-08-26 00:56:00', '2025-08-26 00:56:00'),
(183, '2022-05-18 18:30:00', 58.16, 1, 5, '2025-08-26 00:56:00', '2025-08-26 00:56:00'),
(184, '2022-05-18 19:00:00', 55.22, 1, 5, '2025-08-26 00:56:00', '2025-08-26 00:56:00'),
(185, '2022-05-18 19:30:00', 58.67, 1, 5, '2025-08-26 00:56:00', '2025-08-26 00:56:00'),
(186, '2022-05-18 20:00:00', 60.18, 1, 5, '2025-08-26 00:56:00', '2025-08-26 00:56:00'),
(187, '2022-05-18 20:30:00', 61.31, 1, 5, '2025-08-26 00:56:00', '2025-08-26 00:56:00'),
(188, '2022-05-18 21:00:00', 63.25, 1, 5, '2025-08-26 00:56:00', '2025-08-26 00:56:00'),
(189, '2022-05-18 21:30:00', 65.91, 1, 5, '2025-08-26 00:56:00', '2025-08-26 00:56:00'),
(190, '2022-05-18 22:00:00', 64.44, 1, 5, '2025-08-26 00:56:00', '2025-08-26 00:56:00'),
(191, '2022-05-18 22:30:00', 65.97, 1, 5, '2025-08-26 00:56:00', '2025-08-26 00:56:00'),
(192, '2022-05-18 23:00:00', 62.27, 1, 5, '2025-08-26 00:56:00', '2025-08-26 00:56:00'),
(193, '2022-05-18 23:30:00', 60.96, 1, 5, '2025-08-26 00:56:00', '2025-08-26 00:56:00'),
(194, '2022-05-19 00:00:00', 59.34, 1, 5, '2025-08-26 00:56:00', '2025-08-26 00:56:00'),
(195, '2022-05-19 00:30:00', 55.07, 1, 5, '2025-08-26 00:56:00', '2025-08-26 00:56:00'),
(196, '2022-05-19 01:00:00', 59.85, 1, 5, '2025-08-26 00:56:00', '2025-08-26 00:56:00'),
(197, '2022-05-19 01:30:00', 53.79, 1, 5, '2025-08-26 00:56:00', '2025-08-26 00:56:00'),
(198, '2022-05-19 02:00:00', 51.92, 1, 5, '2025-08-26 00:56:00', '2025-08-26 00:56:00'),
(199, '2022-05-19 02:30:00', 50.95, 1, 5, '2025-08-26 00:56:00', '2025-08-26 00:56:00'),
(200, '2022-05-19 03:00:00', 49.65, 1, 5, '2025-08-26 00:56:00', '2025-08-26 00:56:00'),
(201, '2022-05-19 03:30:00', 48.09, 1, 5, '2025-08-26 00:56:00', '2025-08-26 00:56:00'),
(202, '2022-05-19 04:00:00', 49.81, 1, 5, '2025-08-26 00:56:00', '2025-08-26 00:56:00'),
(203, '2022-05-19 04:30:00', 47.85, 1, 5, '2025-08-26 00:56:00', '2025-08-26 00:56:00'),
(204, '2022-05-19 05:00:00', 49.52, 1, 5, '2025-08-26 00:56:00', '2025-08-26 00:56:00'),
(205, '2022-05-19 05:30:00', 50.21, 1, 5, '2025-08-26 00:56:00', '2025-08-26 00:56:00'),
(206, '2022-05-19 06:00:00', 52.22, 1, 5, '2025-08-26 00:56:00', '2025-08-26 00:56:00'),
(207, '2022-05-19 06:30:00', 54.42, 1, 5, '2025-08-26 00:56:00', '2025-08-26 00:56:00'),
(208, '2022-05-19 07:00:00', 53.42, 1, 5, '2025-08-26 00:56:00', '2025-08-26 00:56:00'),
(209, '2022-05-19 07:30:00', 50.91, 1, 5, '2025-08-26 00:56:00', '2025-08-26 00:56:00'),
(210, '2022-05-19 08:00:00', 58.52, 1, 5, '2025-08-26 00:56:00', '2025-08-26 00:56:00'),
(211, '2022-05-19 08:30:00', 53.37, 1, 5, '2025-08-26 00:56:00', '2025-08-26 00:56:00'),
(212, '2022-05-19 09:00:00', 57.58, 1, 5, '2025-08-26 00:56:00', '2025-08-26 00:56:00'),
(213, '2022-05-19 09:30:00', 59.09, 1, 5, '2025-08-26 00:56:00', '2025-08-26 00:56:00'),
(214, '2022-05-19 10:00:00', 59.36, 1, 5, '2025-08-26 00:56:00', '2025-08-26 00:56:00'),
(215, '2022-05-19 10:30:00', 58.71, 1, 5, '2025-08-26 00:56:00', '2025-08-26 00:56:00'),
(216, '2022-05-19 11:00:00', 59.42, 1, 5, '2025-08-26 00:56:00', '2025-08-26 00:56:00'),
(217, '2022-05-19 11:30:00', 55.93, 1, 5, '2025-08-26 00:56:00', '2025-08-26 00:56:00'),
(218, '2022-05-19 12:00:00', 57.71, 1, 5, '2025-08-26 00:56:00', '2025-08-26 00:56:00'),
(219, '2022-05-19 12:30:00', 50.62, 1, 5, '2025-08-26 00:56:00', '2025-08-26 00:56:00'),
(220, '2022-05-19 13:00:00', 56.28, 1, 5, '2025-08-26 00:56:00', '2025-08-26 00:56:00'),
(221, '2022-05-19 13:30:00', 57.37, 1, 5, '2025-08-26 00:56:00', '2025-08-26 00:56:00'),
(222, '2022-05-19 14:00:00', 53.08, 1, 5, '2025-08-26 00:56:00', '2025-08-26 00:56:00'),
(223, '2022-05-19 14:30:00', 55.94, 1, 5, '2025-08-26 00:56:00', '2025-08-26 00:56:00'),
(224, '2022-05-19 15:00:00', 55.82, 1, 5, '2025-08-26 00:56:00', '2025-08-26 00:56:00'),
(225, '2022-05-19 15:30:00', 53.94, 1, 5, '2025-08-26 00:56:00', '2025-08-26 00:56:00'),
(226, '2022-05-19 16:00:00', 52.65, 1, 5, '2025-08-26 00:56:00', '2025-08-26 00:56:00'),
(227, '2022-05-19 16:30:00', 50.25, 1, 5, '2025-08-26 00:56:00', '2025-08-26 00:56:00'),
(228, 'United States', 35, NULL, 6, '2025-08-26 00:56:00', '2025-08-26 00:56:00'),
(229, 'Italy', 30, NULL, 6, '2025-08-26 00:56:00', '2025-08-26 00:56:00'),
(230, 'Other', 35, NULL, 6, '2025-08-26 00:56:00', '2025-08-26 00:56:00'),
(231, '12-01-2020', 73, 1, 8, '2025-08-26 00:56:00', '2025-08-26 00:56:00'),
(232, '01-01-2021', 64, 1, 8, '2025-08-26 00:56:00', '2025-08-26 00:56:00'),
(233, '02-01-2021', 73, 1, 8, '2025-08-26 00:56:00', '2025-08-26 00:56:00'),
(234, '03-01-2021', 69, 1, 8, '2025-08-26 00:56:00', '2025-08-26 00:56:00'),
(235, '04-01-2021', 104, 1, 8, '2025-08-26 00:56:00', '2025-08-26 00:56:00'),
(236, '05-01-2021', 104, 1, 8, '2025-08-26 00:56:00', '2025-08-26 00:56:00'),
(237, '06-01-2021', 164, 1, 8, '2025-08-26 00:56:00', '2025-08-26 00:56:00'),
(238, '07-01-2021', 164, 1, 8, '2025-08-26 00:56:00', '2025-08-26 00:56:00'),
(239, '08-01-2021', 120, 1, 8, '2025-08-26 00:56:00', '2025-08-26 00:56:00'),
(240, '09-01-2021', 120, 1, 8, '2025-08-26 00:56:00', '2025-08-26 00:56:00'),
(241, '10-01-2021', 120, 1, 8, '2025-08-26 00:56:00', '2025-08-26 00:56:00'),
(242, '11-01-2021', 148, 1, 8, '2025-08-26 00:56:00', '2025-08-26 00:56:00'),
(243, '12-01-2021', 142, 1, 8, '2025-08-26 00:56:00', '2025-08-26 00:56:00'),
(244, '01-01-2022', 104, 1, 8, '2025-08-26 00:56:00', '2025-08-26 00:56:00'),
(245, '02-01-2022', 122, 1, 8, '2025-08-26 00:56:00', '2025-08-26 00:56:00'),
(246, '03-01-2022', 110, 1, 8, '2025-08-26 00:56:00', '2025-08-26 00:56:00'),
(247, '04-01-2022', 104, 1, 8, '2025-08-26 00:56:00', '2025-08-26 00:56:00'),
(248, '05-01-2022', 152, 1, 8, '2025-08-26 00:56:00', '2025-08-26 00:56:00'),
(249, '06-01-2022', 166, 1, 8, '2025-08-26 00:56:00', '2025-08-26 00:56:00'),
(250, '07-01-2022', 233, 1, 8, '2025-08-26 00:56:00', '2025-08-26 00:56:00'),
(251, '08-01-2022', 268, 1, 8, '2025-08-26 00:56:00', '2025-08-26 00:56:00'),
(252, '09-01-2022', 252, 1, 8, '2025-08-26 00:56:00', '2025-08-26 00:56:00'),
(253, '10-01-2022', 284, 1, 8, '2025-08-26 00:56:00', '2025-08-26 00:56:00'),
(254, '11-01-2022', 284, 1, 8, '2025-08-26 00:56:00', '2025-08-26 00:56:00'),
(255, '12-01-2022', 333, 1, 8, '2025-08-26 00:56:00', '2025-08-26 00:56:00'),
(256, '01-01-2023', 323, 1, 8, '2025-08-26 00:56:00', '2025-08-26 00:56:00'),
(257, NULL, 184, 2, 8, '2025-08-26 00:56:00', '2025-08-26 00:56:00'),
(258, NULL, 86, 2, 8, '2025-08-26 00:56:00', '2025-08-26 00:56:00'),
(259, NULL, 42, 2, 8, '2025-08-26 00:56:00', '2025-08-26 00:56:00'),
(260, NULL, 378, 2, 8, '2025-08-26 00:56:00', '2025-08-26 00:56:00'),
(261, NULL, 42, 2, 8, '2025-08-26 00:56:00', '2025-08-26 00:56:00'),
(262, NULL, 243, 2, 8, '2025-08-26 00:56:00', '2025-08-26 00:56:00'),
(263, NULL, 38, 2, 8, '2025-08-26 00:56:00', '2025-08-26 00:56:00'),
(264, NULL, 120, 2, 8, '2025-08-26 00:56:00', '2025-08-26 00:56:00'),
(265, NULL, 0, 2, 8, '2025-08-26 00:56:00', '2025-08-26 00:56:00'),
(266, NULL, 0, 2, 8, '2025-08-26 00:56:00', '2025-08-26 00:56:00'),
(267, NULL, 42, 2, 8, '2025-08-26 00:56:00', '2025-08-26 00:56:00'),
(268, NULL, 0, 2, 8, '2025-08-26 00:56:00', '2025-08-26 00:56:00'),
(269, NULL, 84, 2, 8, '2025-08-26 00:56:00', '2025-08-26 00:56:00'),
(270, NULL, 0, 2, 8, '2025-08-26 00:56:00', '2025-08-26 00:56:00'),
(271, NULL, 276, 2, 8, '2025-08-26 00:56:00', '2025-08-26 00:56:00'),
(272, NULL, 0, 2, 8, '2025-08-26 00:56:00', '2025-08-26 00:56:00'),
(273, NULL, 124, 2, 8, '2025-08-26 00:56:00', '2025-08-26 00:56:00'),
(274, NULL, 42, 2, 8, '2025-08-26 00:56:00', '2025-08-26 00:56:00'),
(275, NULL, 124, 2, 8, '2025-08-26 00:56:00', '2025-08-26 00:56:00'),
(276, NULL, 88, 2, 8, '2025-08-26 00:56:00', '2025-08-26 00:56:00'),
(277, NULL, 88, 2, 8, '2025-08-26 00:56:00', '2025-08-26 00:56:00'),
(278, NULL, 215, 2, 8, '2025-08-26 00:56:00', '2025-08-26 00:56:00'),
(279, NULL, 156, 2, 8, '2025-08-26 00:56:00', '2025-08-26 00:56:00'),
(280, NULL, 88, 2, 8, '2025-08-26 00:56:00', '2025-08-26 00:56:00'),
(281, NULL, 124, 2, 8, '2025-08-26 00:56:00', '2025-08-26 00:56:00'),
(282, NULL, 64, 2, 8, '2025-08-26 00:56:00', '2025-08-26 00:56:00'),
(283, NULL, 122, 3, 8, '2025-08-26 00:56:00', '2025-08-26 00:56:00'),
(284, NULL, 170, 3, 8, '2025-08-26 00:56:00', '2025-08-26 00:56:00'),
(285, NULL, 192, 3, 8, '2025-08-26 00:56:00', '2025-08-26 00:56:00'),
(286, NULL, 86, 3, 8, '2025-08-26 00:56:00', '2025-08-26 00:56:00'),
(287, NULL, 102, 3, 8, '2025-08-26 00:56:00', '2025-08-26 00:56:00'),
(288, NULL, 124, 3, 8, '2025-08-26 00:56:00', '2025-08-26 00:56:00'),
(289, NULL, 115, 3, 8, '2025-08-26 00:56:00', '2025-08-26 00:56:00'),
(290, NULL, 115, 3, 8, '2025-08-26 00:56:00', '2025-08-26 00:56:00'),
(291, NULL, 56, 3, 8, '2025-08-26 00:56:00', '2025-08-26 00:56:00'),
(292, NULL, 104, 3, 8, '2025-08-26 00:56:00', '2025-08-26 00:56:00'),
(293, NULL, 0, 3, 8, '2025-08-26 00:56:00', '2025-08-26 00:56:00'),
(294, NULL, 72, 3, 8, '2025-08-26 00:56:00', '2025-08-26 00:56:00'),
(295, NULL, 208, 3, 8, '2025-08-26 00:56:00', '2025-08-26 00:56:00'),
(296, NULL, 186, 3, 8, '2025-08-26 00:56:00', '2025-08-26 00:56:00'),
(297, NULL, 223, 3, 8, '2025-08-26 00:56:00', '2025-08-26 00:56:00'),
(298, NULL, 188, 3, 8, '2025-08-26 00:56:00', '2025-08-26 00:56:00'),
(299, NULL, 114, 3, 8, '2025-08-26 00:56:00', '2025-08-26 00:56:00'),
(300, NULL, 162, 3, 8, '2025-08-26 00:56:00', '2025-08-26 00:56:00'),
(301, NULL, 200, 3, 8, '2025-08-26 00:56:00', '2025-08-26 00:56:00'),
(302, NULL, 150, 3, 8, '2025-08-26 00:56:00', '2025-08-26 00:56:00'),
(303, NULL, 118, 3, 8, '2025-08-26 00:56:00', '2025-08-26 00:56:00'),
(304, NULL, 118, 3, 8, '2025-08-26 00:56:00', '2025-08-26 00:56:00'),
(305, NULL, 76, 3, 8, '2025-08-26 00:56:00', '2025-08-26 00:56:00'),
(306, NULL, 122, 3, 8, '2025-08-26 00:56:00', '2025-08-26 00:56:00'),
(307, NULL, 230, 3, 8, '2025-08-26 00:56:00', '2025-08-26 00:56:00'),
(308, NULL, 268, 3, 8, '2025-08-26 00:56:00', '2025-08-26 00:56:00'),
(309, '12-01-2020', 6200, 1, 9, '2025-08-26 00:56:00', '2025-08-26 00:56:00'),
(310, '01-01-2021', 9200, 1, 9, '2025-08-26 00:56:00', '2025-08-26 00:56:00'),
(311, '02-01-2021', 6600, 1, 9, '2025-08-26 00:56:00', '2025-08-26 00:56:00'),
(312, '03-01-2021', 8800, 1, 9, '2025-08-26 00:56:00', '2025-08-26 00:56:00'),
(313, '04-01-2021', 5200, 1, 9, '2025-08-26 00:56:00', '2025-08-26 00:56:00'),
(314, '05-01-2021', 9200, 1, 9, '2025-08-26 00:56:00', '2025-08-26 00:56:00'),
(315, NULL, -4000, 2, 9, '2025-08-26 00:56:00', '2025-08-26 00:56:00'),
(316, NULL, -2600, 2, 9, '2025-08-26 00:56:00', '2025-08-26 00:56:00'),
(317, NULL, -5350, 2, 9, '2025-08-26 00:56:00', '2025-08-26 00:56:00'),
(318, NULL, -4000, 2, 9, '2025-08-26 00:56:00', '2025-08-26 00:56:00'),
(319, NULL, -7500, 2, 9, '2025-08-26 00:56:00', '2025-08-26 00:56:00'),
(320, NULL, -2000, 2, 9, '2025-08-26 00:56:00', '2025-08-26 00:56:00'),
(321, 'Reasons', 131, 1, 10, '2025-08-26 00:56:00', '2025-08-26 00:56:00'),
(322, NULL, 100, 2, 10, '2025-08-26 00:56:00', '2025-08-26 00:56:00'),
(323, NULL, 91, 3, 10, '2025-08-26 00:56:00', '2025-08-26 00:56:00'),
(324, NULL, 65, 4, 10, '2025-08-26 00:56:00', '2025-08-26 00:56:00'),
(325, NULL, 72, 5, 10, '2025-08-26 00:56:00', '2025-08-26 00:56:00');

-- --------------------------------------------------------

--
-- Table structure for table `failed_jobs`
--

CREATE TABLE `failed_jobs` (
  `id` bigint(20) UNSIGNED NOT NULL,
  `uuid` varchar(255) NOT NULL,
  `connection` text NOT NULL,
  `queue` text NOT NULL,
  `payload` longtext NOT NULL,
  `exception` longtext NOT NULL,
  `failed_at` timestamp NOT NULL DEFAULT current_timestamp()
) ENGINE=InnoDB DEFAULT CHARSET=utf8mb4 COLLATE=utf8mb4_unicode_ci;

-- --------------------------------------------------------

--
-- Table structure for table `kecamatans`
--

CREATE TABLE `kecamatans` (
  `id` bigint(20) UNSIGNED NOT NULL,
  `nama` varchar(256) NOT NULL
) ENGINE=InnoDB DEFAULT CHARSET=utf8mb4 COLLATE=utf8mb4_unicode_ci;

--
-- Dumping data for table `kecamatans`
--

INSERT INTO `kecamatans` (`id`, `nama`) VALUES
(1, 'Banyumanik'),
(2, 'Candisari'),
(3, 'Gajahmungkur'),
(4, 'Gayamsari'),
(5, 'Genuk'),
(6, 'Gunungpati'),
(7, 'Mijen'),
(8, 'Ngaliyan'),
(9, 'Pedurungan'),
(10, 'Semarang Barat'),
(11, 'Semarang Selatan'),
(12, 'Semarang Tengah'),
(13, 'Semarang Timur'),
(14, 'Semarang Utara'),
(15, 'Tembalang'),
(16, 'Tugu');

-- --------------------------------------------------------

--
-- Table structure for table `kelurahans`
--

CREATE TABLE `kelurahans` (
  `id` bigint(20) UNSIGNED NOT NULL,
  `id_kecamatan` bigint(20) UNSIGNED NOT NULL,
  `nama` varchar(256) NOT NULL
) ENGINE=InnoDB DEFAULT CHARSET=utf8mb4 COLLATE=utf8mb4_unicode_ci;

--
-- Dumping data for table `kelurahans`
--

INSERT INTO `kelurahans` (`id`, `id_kecamatan`, `nama`) VALUES
(1, 1, 'Banyumanik'),
(2, 1, 'Gedawang'),
(3, 1, 'Jabungan'),
(4, 1, 'Ngesrep'),
(5, 1, 'Padangsari'),
(6, 1, 'Pedalangan'),
(7, 1, 'Pudakpayung'),
(8, 1, 'Srondol Kulon'),
(9, 1, 'Srondol Wetan'),
(10, 1, 'Sumurboto'),
(11, 1, 'Tinjomoyo'),
(12, 2, 'Candi'),
(13, 2, 'Jatingaleh'),
(14, 2, 'Jomblang'),
(15, 2, 'Kaliwiru'),
(16, 2, 'Karanganyar'),
(17, 2, 'Gunung'),
(18, 2, 'Tegalsari'),
(19, 2, 'Wonotinggal'),
(20, 3, 'Bendanduwur'),
(21, 3, 'Bendan Ngisor'),
(22, 3, 'Bendungan'),
(23, 3, 'Gajahmungkur'),
(24, 3, 'Karangrejo'),
(25, 3, 'Lempongsari'),
(26, 3, 'Petompon'),
(27, 3, 'Sampangan'),
(28, 4, 'Gayamsari'),
(29, 4, 'Kaligawe'),
(30, 4, 'Pandean'),
(31, 4, 'Lamper'),
(32, 4, 'Sambirejo'),
(33, 4, 'Sawahbesar'),
(34, 4, 'Siwalan'),
(35, 4, 'Tambakrejo'),
(36, 5, 'Bangetayu Kulon'),
(37, 5, 'Bangetayu Wetan'),
(38, 5, 'Banjardowo'),
(39, 5, 'Gebangsari'),
(40, 5, 'Genuksari'),
(41, 5, 'Karangroto'),
(42, 5, 'Kudu'),
(43, 5, 'Muktiharjo Lor'),
(44, 5, 'Penggaron Lor'),
(45, 5, 'Sembungharjo'),
(46, 5, 'Terboyo Kulon'),
(47, 5, 'Terboyo Wetan'),
(48, 5, 'Trimulyo'),
(49, 6, 'Cepoko'),
(50, 6, 'Gunungpati'),
(51, 6, 'Jatirejo'),
(52, 6, 'Kalisegoro'),
(53, 6, 'Kandri'),
(54, 6, 'Mangunsari'),
(55, 6, 'Ngijo'),
(56, 6, 'Nongkosawit'),
(57, 6, 'Pakintelan'),
(58, 6, 'Patemon'),
(59, 6, 'Plalangan'),
(60, 6, 'Pongangan'),
(61, 6, 'Sadeng'),
(62, 6, 'Sekaran'),
(63, 6, 'Sukorejo'),
(64, 6, 'Sumurejo'),
(65, 7, 'Bubakan'),
(66, 7, 'Cangkiran'),
(67, 7, 'Jatibarang'),
(68, 7, 'Jatisari'),
(69, 7, 'Karangmalang'),
(70, 7, 'Kedungpane'),
(71, 7, 'Mijen'),
(72, 7, 'Ngadirgo'),
(73, 7, 'Pesantren'),
(74, 7, 'Polaman'),
(75, 7, 'Purwosari'),
(76, 7, 'Tambangan'),
(77, 7, 'Wonolopo'),
(78, 7, 'Wonoplumbon'),
(79, 8, 'Bambankerep'),
(80, 8, 'Bringin'),
(81, 8, 'Gondoriyo'),
(82, 8, 'Kalipancur'),
(83, 8, 'Ngaliyan'),
(84, 8, 'Podorejo'),
(85, 8, 'Purwoyoso'),
(86, 8, 'Tambakaji'),
(87, 8, 'Wonosari'),
(88, 8, 'Wates'),
(89, 9, 'Gemah'),
(90, 9, 'Kalicari'),
(91, 9, 'Muktiharjo Kidul'),
(92, 9, 'Palebon'),
(93, 9, 'Pedurungan Kidul'),
(94, 9, 'Pedurungan Lor'),
(95, 9, 'Pedurungan Tengah'),
(96, 9, 'Penggaron Kidul'),
(97, 9, 'Plamongan Sari'),
(98, 9, 'Tlogomulyo'),
(99, 9, 'Tlogosari Kulon'),
(100, 9, 'Tlogosari Wetan'),
(101, 10, 'Bojongsalaman'),
(102, 10, 'Bongsari'),
(103, 10, 'Cabean'),
(104, 10, 'Gisikdrono'),
(105, 10, 'Kalibanteng Kidul'),
(106, 10, 'Kalibanteng Kulon'),
(107, 10, 'Karangayu'),
(108, 10, 'Kembangarum'),
(109, 10, 'Krapyak'),
(110, 10, 'Krobokan'),
(111, 10, 'Manyaran'),
(112, 10, 'Ngemplak Simongan'),
(113, 10, 'Salaman Mloyo'),
(114, 10, 'Tambakharjo'),
(115, 10, 'Tawang Mas'),
(116, 10, 'Tawangsari'),
(117, 11, 'Barusari'),
(118, 11, 'Bulustalan'),
(119, 11, 'Lamper Kidul'),
(120, 11, 'Lamper Lor'),
(121, 11, 'Lamper Tengah'),
(122, 11, 'Mugassari'),
(123, 11, 'Peterongan'),
(124, 11, 'Pleburan'),
(125, 11, 'Randusari'),
(126, 11, 'Wonodri'),
(127, 12, 'Bangunharjo'),
(128, 12, 'Brumbungan'),
(129, 12, 'Gabahan'),
(130, 12, 'Jagalan'),
(131, 12, 'Karangkidul'),
(132, 12, 'Kauman'),
(133, 12, 'Kembangsari'),
(134, 12, 'Kranggan'),
(135, 12, 'Miroto'),
(136, 12, 'Pandansari'),
(137, 12, 'Pekunden'),
(138, 12, 'Pendrikan Kidul'),
(139, 12, 'Pendrikan Lor'),
(140, 12, 'Purwodinatan'),
(141, 12, 'Sekayu'),
(142, 13, 'Bugangan'),
(143, 13, 'Karangtempel'),
(144, 13, 'Karangturi'),
(145, 13, 'Kebonagung'),
(146, 13, 'Kemijen'),
(147, 13, 'Mlatibaru'),
(148, 13, 'Mlatiharjo'),
(149, 13, 'Rejomulyo'),
(150, 13, 'Rejosari'),
(151, 13, 'Sarirejo'),
(152, 14, 'Bandarharjo'),
(153, 14, 'Bulu Lor'),
(154, 14, 'Dadapsari'),
(155, 14, 'Kuningan'),
(156, 14, 'Panggung Kidul'),
(157, 14, 'Panggung Lor'),
(158, 14, 'Plombokan'),
(159, 14, 'Purwosari'),
(160, 14, 'Tanjung Mas'),
(161, 15, 'Bulusan'),
(162, 15, 'Jangli'),
(163, 15, 'Kedungmundu'),
(164, 15, 'Kramas'),
(165, 15, 'Mangunharjo'),
(166, 15, 'Meteseh'),
(167, 15, 'Rowosari'),
(168, 15, 'Sambiroto'),
(169, 15, 'Sendangguwo'),
(170, 15, 'Sendangmulyo'),
(171, 15, 'Tandang'),
(172, 15, 'Tembalang'),
(173, 16, 'Jerakah'),
(174, 16, 'Karanganyar'),
(175, 16, 'Mangkang Kulon'),
(176, 16, 'Mangkang Wetan'),
(177, 16, 'Mangunharjo'),
(178, 16, 'Randu Garut'),
(179, 16, 'Tugurejo');

-- --------------------------------------------------------

--
-- Table structure for table `migrations`
--

CREATE TABLE `migrations` (
  `id` int(10) UNSIGNED NOT NULL,
  `migration` varchar(255) NOT NULL,
  `batch` int(11) NOT NULL
) ENGINE=InnoDB DEFAULT CHARSET=utf8mb4 COLLATE=utf8mb4_unicode_ci;

--
-- Dumping data for table `migrations`
--

INSERT INTO `migrations` (`id`, `migration`, `batch`) VALUES
(9, '2014_10_12_000000_create_users_table', 1),
(10, '2014_10_12_200000_add_two_factor_columns_to_users_table', 1),
(11, '2019_08_19_000000_create_failed_jobs_table', 1),
(12, '2019_12_14_000001_create_personal_access_tokens_table', 1),
(13, '2022_03_23_163443_create_sessions_table', 1),
(14, '2022_05_11_154250_create_datafeeds_table', 1),
(15, '2025_08_22_142415_create_proposals_table', 1),
(16, '2025_08_22_230234_create_arsips_table', 1),
(17, '2025_08_23_035300_create_pekerjaans_table', 2),
(18, '2025_08_23_035405_create_kecamatans_table', 2),
(19, '2025_08_23_035412_create_kelurahans_table', 2),
(20, '2025_08_23_035419_create_programs_table', 2),
(21, '2025_08_23_035426_create_bantuans_table', 2),
(22, '2025_09_01_042258_create_rekaps_table', 3);

-- --------------------------------------------------------

--
-- Table structure for table `pekerjaans`
--

CREATE TABLE `pekerjaans` (
  `id` bigint(20) UNSIGNED NOT NULL,
  `nama` varchar(256) NOT NULL
) ENGINE=InnoDB DEFAULT CHARSET=utf8mb4 COLLATE=utf8mb4_unicode_ci;

--
-- Dumping data for table `pekerjaans`
--

INSERT INTO `pekerjaans` (`id`, `nama`) VALUES
(1, 'Petani'),
(2, 'Pedagang'),
(3, 'Peternak'),
(4, 'Nelayan'),
(5, 'Buruh Harian Lepas'),
(6, 'Penyedia Jasa'),
(7, 'Sektor Lainnya');

-- --------------------------------------------------------

--
-- Table structure for table `personal_access_tokens`
--

CREATE TABLE `personal_access_tokens` (
  `id` bigint(20) UNSIGNED NOT NULL,
  `tokenable_type` varchar(255) NOT NULL,
  `tokenable_id` bigint(20) UNSIGNED NOT NULL,
  `name` varchar(255) NOT NULL,
  `token` varchar(64) NOT NULL,
  `abilities` text DEFAULT NULL,
  `last_used_at` timestamp NULL DEFAULT NULL,
  `expires_at` timestamp NULL DEFAULT NULL,
  `created_at` timestamp NULL DEFAULT NULL,
  `updated_at` timestamp NULL DEFAULT NULL
) ENGINE=InnoDB DEFAULT CHARSET=utf8mb4 COLLATE=utf8mb4_unicode_ci;

-- --------------------------------------------------------

--
-- Table structure for table `programs`
--

CREATE TABLE `programs` (
  `id` bigint(20) UNSIGNED NOT NULL,
  `nama_program` varchar(256) NOT NULL
) ENGINE=InnoDB DEFAULT CHARSET=utf8mb4 COLLATE=utf8mb4_unicode_ci;

--
-- Dumping data for table `programs`
--

INSERT INTO `programs` (`id`, `nama_program`) VALUES
(1, 'Semarang Peduli'),
(2, 'Semarang Sehat'),
(3, 'Semarang Cerdas'),
(4, 'Semarang Taqwa'),
(5, 'Semarang Makmur');

-- --------------------------------------------------------

--
-- Table structure for table `proposals`
--

CREATE TABLE `proposals` (
  `id` int(11) NOT NULL,
  `kode` varchar(7) NOT NULL,
  `keterangan` varchar(32) NOT NULL,
  `jml_proposal` int(11) NOT NULL,
  `tgl_masuk` date NOT NULL,
  `nm_instansi` varchar(256) DEFAULT NULL,
  `nm_pimpinan` varchar(256) DEFAULT NULL,
  `nm_pemohon` varchar(256) NOT NULL,
  `jns_kelamin` enum('L','P') NOT NULL DEFAULT 'L',
  `nm_anak` varchar(256) DEFAULT NULL,
  `nik` varchar(17) NOT NULL,
  `ttl` varchar(256) NOT NULL,
  `alamat` text NOT NULL,
  `kelurahan` varchar(256) NOT NULL,
  `kecamatan` varchar(256) NOT NULL,
  `pekerjaan` varchar(256) NOT NULL,
  `jns_permohonan` varchar(256) NOT NULL,
  `no_telp` varchar(14) NOT NULL,
  `jam_pengajuan` time NOT NULL,
  `pengaju` varchar(256) DEFAULT NULL,
  `penyerahan` varchar(256) DEFAULT NULL,
  `realisasi` varchar(256) DEFAULT NULL,
  `nominal` varchar(256) DEFAULT NULL,
  `keterangan_realisasi` varchar(256) DEFAULT NULL,
  `dibantu` enum('0','1','2') NOT NULL DEFAULT '0',
  `created_at` timestamp NULL DEFAULT NULL,
  `updated_at` timestamp NULL DEFAULT NULL
) ENGINE=InnoDB DEFAULT CHARSET=utf8mb4 COLLATE=utf8mb4_unicode_ci;

--
-- Dumping data for table `proposals`
--

INSERT INTO `proposals` (`id`, `kode`, `keterangan`, `jml_proposal`, `tgl_masuk`, `nm_instansi`, `nm_pimpinan`, `nm_pemohon`, `jns_kelamin`, `nm_anak`, `nik`, `ttl`, `alamat`, `kelurahan`, `kecamatan`, `pekerjaan`, `jns_permohonan`, `no_telp`, `jam_pengajuan`, `pengaju`, `penyerahan`, `realisasi`, `nominal`, `keterangan_realisasi`, `dibantu`, `created_at`, `updated_at`) VALUES
(1, '703', 'Semarang Cerdas', 1, '2025-07-20', 'SMP Al Islam Gunungpati', 'Fulan, S.Pd., M.Pd.', 'Fulan', 'L', NULL, '33241309090400020', 'Semarang, 05 Februari 1975', 'Jl Morokono Gunungpati', 'Gunungpati', 'Gunungpati', 'Sektor Lainnya', '1301 || Bantuan Pendidikan Dasar dan Menengah', '08527654321', '08:00:00', 'Dwi Purnomo', NULL, NULL, NULL, NULL, '1', NULL, NULL),
(2, '701', 'Semarang Peduli', 1, '2025-07-12', NULL, NULL, 'Rudi', 'L', NULL, '33740421038600020', 'Tegal, 21 Maret 1986', 'Jl. Sumur Adem RT 004 RW 011', 'Ngemplak Simongan', 'Semarang Barat', 'Buruh Harian Lepas', '1102.3 || Bantuan Biaya Hidup Sembako', '081310653368', '08:00:00', 'Puji', NULL, NULL, NULL, NULL, '1', NULL, NULL);

-- --------------------------------------------------------

--
-- Table structure for table `rekaps`
--

CREATE TABLE `rekaps` (
  `id` bigint(20) UNSIGNED NOT NULL,
  `kode` varchar(255) NOT NULL,
  `nama_program` varchar(255) NOT NULL,
  `bulan` int(11) NOT NULL
) ENGINE=InnoDB DEFAULT CHARSET=utf8mb4 COLLATE=utf8mb4_unicode_ci;

--
-- Dumping data for table `rekaps`
--

INSERT INTO `rekaps` (`id`, `kode`, `nama_program`, `bulan`) VALUES
(1, '101', 'Semarang Peduli', 1),
(2, '102', 'Semarang Sehat', 1),
(3, '103', 'Semarang Cerdas', 1),
(4, '104', 'Semarang Taqwa', 1),
(5, '105', 'Semarang Makmur', 1),
(6, '201', 'Semarang Peduli', 2),
(7, '202', 'Semarang Sehat', 2),
(8, '203', 'Semarang Cerdas', 2),
(9, '204', 'Semarang Taqwa', 2),
(10, '205', 'Semarang Makmur', 2),
(11, '301', 'Semarang Peduli', 3),
(12, '302', 'Semarang Sehat', 3),
(13, '303', 'Semarang Cerdas', 3),
(14, '304', 'Semarang Taqwa', 3),
(15, '305', 'Semarang Makmur', 3),
(16, '401', 'Semarang Peduli', 4),
(17, '402', 'Semarang Sehat', 4),
(18, '403', 'Semarang Cerdas', 4),
(19, '404', 'Semarang Taqwa', 4),
(20, '405', 'Semarang Makmur', 4),
(21, '501', 'Semarang Peduli', 5),
(22, '502', 'Semarang Sehat', 5),
(23, '503', 'Semarang Cerdas', 5),
(24, '504', 'Semarang Taqwa', 5),
(25, '505', 'Semarang Makmur', 5),
(26, '601', 'Semarang Peduli', 6),
(27, '602', 'Semarang Sehat', 6),
(28, '603', 'Semarang Cerdas', 6),
(29, '604', 'Semarang Taqwa', 6),
(30, '605', 'Semarang Makmur', 6),
(31, '701', 'Semarang Peduli', 7),
(32, '702', 'Semarang Sehat', 7),
(33, '703', 'Semarang Cerdas', 7),
(34, '704', 'Semarang Taqwa', 7),
(35, '705', 'Semarang Makmur', 7),
(36, '801', 'Semarang Peduli', 8),
(37, '802', 'Semarang Sehat', 8),
(38, '803', 'Semarang Cerdas', 8),
(39, '804', 'Semarang Taqwa', 8),
(40, '805', 'Semarang Makmur', 8),
(41, '901', 'Semarang Peduli', 9),
(42, '902', 'Semarang Sehat', 9),
(43, '903', 'Semarang Cerdas', 9),
(44, '904', 'Semarang Taqwa', 9),
(45, '905', 'Semarang Makmur', 9),
(46, '1001', 'Semarang Peduli', 10),
(47, '1002', 'Semarang Sehat', 10),
(48, '1003', 'Semarang Cerdas', 10),
(49, '1004', 'Semarang Taqwa', 10),
(50, '1005', 'Semarang Makmur', 10),
(51, '1101', 'Semarang Peduli', 11),
(52, '1102', 'Semarang Sehat', 11),
(53, '1103', 'Semarang Cerdas', 11),
(54, '1104', 'Semarang Taqwa', 11),
(55, '1105', 'Semarang Makmur', 11),
(56, '1201', 'Semarang Peduli', 12),
(57, '1202', 'Semarang Sehat', 12),
(58, '1203', 'Semarang Cerdas', 12),
(59, '1204', 'Semarang Taqwa', 12),
(60, '1205', 'Semarang Makmur', 12);

-- --------------------------------------------------------

--
-- Table structure for table `sessions`
--

CREATE TABLE `sessions` (
  `id` varchar(255) NOT NULL,
  `user_id` bigint(20) UNSIGNED DEFAULT NULL,
  `ip_address` varchar(45) DEFAULT NULL,
  `user_agent` text DEFAULT NULL,
  `payload` text NOT NULL,
  `last_activity` int(11) NOT NULL
) ENGINE=InnoDB DEFAULT CHARSET=utf8mb4 COLLATE=utf8mb4_unicode_ci;

--
-- Dumping data for table `sessions`
--

INSERT INTO `sessions` (`id`, `user_id`, `ip_address`, `user_agent`, `payload`, `last_activity`) VALUES
('0jUt1WiEv7hRWBPdgudZBwwKQSAAgYKFRGg5IcVP', NULL, '127.0.0.1', 'Mozilla/5.0 (Windows NT 10.0; Win64; x64) AppleWebKit/537.36 (KHTML, like Gecko) Chrome/140.0.0.0 Safari/537.36', 'YTozOntzOjY6Il90b2tlbiI7czo0MDoiZWp6V0ZwODJ2d2x2STRRMmpvUjJ5Zjg0ZVFiM0Flck5ETWpJUzVTQSI7czo2OiJfZmxhc2giO2E6Mjp7czozOiJvbGQiO2E6MDp7fXM6MzoibmV3IjthOjA6e319czo5OiJfcHJldmlvdXMiO2E6MTp7czozOiJ1cmwiO3M6Mjc6Imh0dHA6Ly8xMjcuMC4wLjE6ODAwMC9sb2dpbiI7fX0=', 1759716271),
('76skAajgypNgu6R9XSAAC9SMrM6LxrVhEWdW6QeH', 2, '127.0.0.1', 'Mozilla/5.0 (Windows NT 10.0; Win64; x64) AppleWebKit/537.36 (KHTML, like Gecko) Chrome/140.0.0.0 Safari/537.36', 'YTo0OntzOjY6Il90b2tlbiI7czo0MDoiSXE0M1lzMnBEcGprUGdQREhDSTJDWVdzT2RybUxzRXBsZ1FHTXpkZiI7czo5OiJfcHJldmlvdXMiO2E6MTp7czozOiJ1cmwiO3M6Mjc6Imh0dHA6Ly8xMjcuMC4wLjE6ODAwMC9hcnNpcCI7fXM6NjoiX2ZsYXNoIjthOjI6e3M6Mzoib2xkIjthOjA6e31zOjM6Im5ldyI7YTowOnt9fXM6NTA6ImxvZ2luX3dlYl81OWJhMzZhZGRjMmIyZjk0MDE1ODBmMDE0YzdmNThlYTRlMzA5ODlkIjtpOjI7fQ==', 1759715295);

-- --------------------------------------------------------

--
-- Table structure for table `users`
--

CREATE TABLE `users` (
  `id` bigint(20) UNSIGNED NOT NULL,
  `name` varchar(255) NOT NULL,
  `email` varchar(255) NOT NULL,
  `email_verified_at` timestamp NULL DEFAULT NULL,
  `password` varchar(255) NOT NULL,
  `two_factor_secret` text DEFAULT NULL,
  `two_factor_recovery_codes` text DEFAULT NULL,
  `two_factor_confirmed_at` timestamp NULL DEFAULT NULL,
  `role` enum('admin','super_admin','operator','user') NOT NULL DEFAULT 'user',
  `remember_token` varchar(100) DEFAULT NULL,
  `current_team_id` bigint(20) UNSIGNED DEFAULT NULL,
  `profile_photo_path` varchar(2048) DEFAULT NULL,
  `created_at` timestamp NULL DEFAULT NULL,
  `updated_at` timestamp NULL DEFAULT NULL
) ENGINE=InnoDB DEFAULT CHARSET=utf8mb4 COLLATE=utf8mb4_unicode_ci;

--
-- Dumping data for table `users`
--

INSERT INTO `users` (`id`, `name`, `email`, `email_verified_at`, `password`, `two_factor_secret`, `two_factor_recovery_codes`, `two_factor_confirmed_at`, `role`, `remember_token`, `current_team_id`, `profile_photo_path`, `created_at`, `updated_at`) VALUES
(1, 'Alif Abdillah Azizy', 'alifazizy9h03@gmail.com', NULL, '$2y$12$N0b7ZDj.PdxbOGOIK8pNguz6MJrhFLpYGBj2tFtRwAJ5utt4r2TDK', NULL, NULL, NULL, 'super_admin', NULL, NULL, NULL, '2025-08-22 20:19:42', '2025-09-10 21:24:28'),
(2, 'Azizy', 'alif.abd.azizy@gmail.com', NULL, '$2y$12$eFYWfvHVLDtqLLKRo2KXNOkUrlKh4EeW4J0gOFrnPjm.blncHjupS', NULL, NULL, NULL, 'operator', NULL, NULL, NULL, '2025-08-31 20:14:30', '2025-09-10 21:24:37'),
(3, 'Tri Mursito', 'trimursito@gmail.com', NULL, '$2y$12$Im5MaCH7Z/l3IyAuNIj7ROiMoGwJTjerC4u9tK7rMOClGTawMxqxe', NULL, NULL, NULL, 'user', NULL, NULL, NULL, '2025-10-02 00:48:18', '2025-10-02 00:48:18');

--
-- Indexes for dumped tables
--

--
-- Indexes for table `arsips`
--
ALTER TABLE `arsips`
  ADD PRIMARY KEY (`nik`),
  ADD UNIQUE KEY `id` (`id`);

--
-- Indexes for table `bantuans`
--
ALTER TABLE `bantuans`
  ADD PRIMARY KEY (`id`),
  ADD KEY `bantuans_id_program_foreign` (`id_program`);

--
-- Indexes for table `datafeeds`
--
ALTER TABLE `datafeeds`
  ADD PRIMARY KEY (`id`);

--
-- Indexes for table `failed_jobs`
--
ALTER TABLE `failed_jobs`
  ADD PRIMARY KEY (`id`),
  ADD UNIQUE KEY `failed_jobs_uuid_unique` (`uuid`);

--
-- Indexes for table `kecamatans`
--
ALTER TABLE `kecamatans`
  ADD PRIMARY KEY (`id`);

--
-- Indexes for table `kelurahans`
--
ALTER TABLE `kelurahans`
  ADD PRIMARY KEY (`id`),
  ADD KEY `kelurahans_id_kecamatan_foreign` (`id_kecamatan`);

--
-- Indexes for table `migrations`
--
ALTER TABLE `migrations`
  ADD PRIMARY KEY (`id`);

--
-- Indexes for table `pekerjaans`
--
ALTER TABLE `pekerjaans`
  ADD PRIMARY KEY (`id`);

--
-- Indexes for table `personal_access_tokens`
--
ALTER TABLE `personal_access_tokens`
  ADD PRIMARY KEY (`id`),
  ADD UNIQUE KEY `personal_access_tokens_token_unique` (`token`),
  ADD KEY `personal_access_tokens_tokenable_type_tokenable_id_index` (`tokenable_type`,`tokenable_id`);

--
-- Indexes for table `programs`
--
ALTER TABLE `programs`
  ADD PRIMARY KEY (`id`);

--
-- Indexes for table `proposals`
--
ALTER TABLE `proposals`
  ADD PRIMARY KEY (`nik`),
  ADD UNIQUE KEY `kelurahan` (`kelurahan`),
  ADD UNIQUE KEY `jns_permohonan` (`jns_permohonan`),
  ADD UNIQUE KEY `keterangan` (`keterangan`),
  ADD KEY `proposals_nik_nm_pemohon_kecamatan_index` (`nik`,`nm_pemohon`,`kecamatan`),
  ADD KEY `proposals_tgl_masuk_index` (`tgl_masuk`),
  ADD KEY `proposals_dibantu_index` (`dibantu`);

--
-- Indexes for table `rekaps`
--
ALTER TABLE `rekaps`
  ADD PRIMARY KEY (`id`);

--
-- Indexes for table `sessions`
--
ALTER TABLE `sessions`
  ADD PRIMARY KEY (`id`),
  ADD KEY `sessions_user_id_index` (`user_id`),
  ADD KEY `sessions_last_activity_index` (`last_activity`);

--
-- Indexes for table `users`
--
ALTER TABLE `users`
  ADD PRIMARY KEY (`id`),
  ADD UNIQUE KEY `users_email_unique` (`email`);

--
-- AUTO_INCREMENT for dumped tables
--

--
-- AUTO_INCREMENT for table `arsips`
--
ALTER TABLE `arsips`
  MODIFY `id` int(11) NOT NULL AUTO_INCREMENT;

--
-- AUTO_INCREMENT for table `bantuans`
--
ALTER TABLE `bantuans`
  MODIFY `id` bigint(20) UNSIGNED NOT NULL AUTO_INCREMENT, AUTO_INCREMENT=63;

--
-- AUTO_INCREMENT for table `datafeeds`
--
ALTER TABLE `datafeeds`
  MODIFY `id` bigint(20) UNSIGNED NOT NULL AUTO_INCREMENT, AUTO_INCREMENT=326;

--
-- AUTO_INCREMENT for table `failed_jobs`
--
ALTER TABLE `failed_jobs`
  MODIFY `id` bigint(20) UNSIGNED NOT NULL AUTO_INCREMENT;

--
-- AUTO_INCREMENT for table `kecamatans`
--
ALTER TABLE `kecamatans`
  MODIFY `id` bigint(20) UNSIGNED NOT NULL AUTO_INCREMENT, AUTO_INCREMENT=17;

--
-- AUTO_INCREMENT for table `kelurahans`
--
ALTER TABLE `kelurahans`
  MODIFY `id` bigint(20) UNSIGNED NOT NULL AUTO_INCREMENT, AUTO_INCREMENT=180;

--
-- AUTO_INCREMENT for table `migrations`
--
ALTER TABLE `migrations`
  MODIFY `id` int(10) UNSIGNED NOT NULL AUTO_INCREMENT, AUTO_INCREMENT=23;

--
-- AUTO_INCREMENT for table `pekerjaans`
--
ALTER TABLE `pekerjaans`
  MODIFY `id` bigint(20) UNSIGNED NOT NULL AUTO_INCREMENT, AUTO_INCREMENT=8;

--
-- AUTO_INCREMENT for table `personal_access_tokens`
--
ALTER TABLE `personal_access_tokens`
  MODIFY `id` bigint(20) UNSIGNED NOT NULL AUTO_INCREMENT;

--
-- AUTO_INCREMENT for table `programs`
--
ALTER TABLE `programs`
  MODIFY `id` bigint(20) UNSIGNED NOT NULL AUTO_INCREMENT, AUTO_INCREMENT=6;

--
-- AUTO_INCREMENT for table `rekaps`
--
ALTER TABLE `rekaps`
  MODIFY `id` bigint(20) UNSIGNED NOT NULL AUTO_INCREMENT, AUTO_INCREMENT=61;

--
-- AUTO_INCREMENT for table `users`
--
ALTER TABLE `users`
  MODIFY `id` bigint(20) UNSIGNED NOT NULL AUTO_INCREMENT, AUTO_INCREMENT=4;

--
-- Constraints for dumped tables
--

--
-- Constraints for table `bantuans`
--
ALTER TABLE `bantuans`
  ADD CONSTRAINT `bantuans_id_program_foreign` FOREIGN KEY (`id_program`) REFERENCES `programs` (`id`) ON DELETE CASCADE;

--
-- Constraints for table `kelurahans`
--
ALTER TABLE `kelurahans`
  ADD CONSTRAINT `kelurahans_id_kecamatan_foreign` FOREIGN KEY (`id_kecamatan`) REFERENCES `kecamatans` (`id`) ON DELETE CASCADE;
COMMIT;

/*!40101 SET CHARACTER_SET_CLIENT=@OLD_CHARACTER_SET_CLIENT */;
/*!40101 SET CHARACTER_SET_RESULTS=@OLD_CHARACTER_SET_RESULTS */;
/*!40101 SET COLLATION_CONNECTION=@OLD_COLLATION_CONNECTION */;
